{
    "answer_query": {
        "TotalPromptTokens": 5889,
        "TotalCompletionTokens": 12259,
        "TotalCost": 0.21333,
        "TotalDuration": 148.92790508270264
    },
    "FinalTotal": {
        "TotalPromptTokens": 5889,
        "TotalCompletionTokens": 12259,
        "TotalCost": 0.21333,
        "TotalDuration": 148.92790508270264
    }
}