{
    "answer_query": {
        "TotalPromptTokens": 1430,
        "TotalCompletionTokens": 1379,
        "TotalCost": 0.027835000000000002,
        "TotalDuration": 20.553163290023804
    },
    "FinalTotal": {
        "TotalPromptTokens": 1430,
        "TotalCompletionTokens": 1379,
        "TotalCost": 0.027835000000000002,
        "TotalDuration": 20.553163290023804
    }
}