{
    "answer_query": {
        "TotalPromptTokens": 4942,
        "TotalCompletionTokens": 4573,
        "TotalCost": 0.0034850000000000007,
        "TotalDuration": 42.38392519950867
    },
    "FinalTotal": {
        "TotalPromptTokens": 4942,
        "TotalCompletionTokens": 4573,
        "TotalCost": 0.0034850000000000007,
        "TotalDuration": 42.38392519950867
    }
}