{
    "answer_query": {
        "TotalPromptTokens": 990,
        "TotalCompletionTokens": 19321,
        "TotalCost": 0.011738999999999998,
        "TotalDuration": 170.31238341331482
    },
    "FinalTotal": {
        "TotalPromptTokens": 990,
        "TotalCompletionTokens": 19321,
        "TotalCost": 0.011738999999999998,
        "TotalDuration": 170.31238341331482
    }
}