{
    "answer_query": {
        "TotalPromptTokens": 292,
        "TotalCompletionTokens": 279,
        "TotalCost": 0.00021099999999999998,
        "TotalDuration": 3.966181993484497
    },
    "FinalTotal": {
        "TotalPromptTokens": 292,
        "TotalCompletionTokens": 279,
        "TotalCost": 0.00021099999999999998,
        "TotalDuration": 3.966181993484497
    }
}