{
    "answer_query": {
        "TotalPromptTokens": 1764,
        "TotalCompletionTokens": 2724,
        "TotalCost": 0.001897,
        "TotalDuration": 27.515809774398804
    },
    "FinalTotal": {
        "TotalPromptTokens": 1764,
        "TotalCompletionTokens": 2724,
        "TotalCost": 0.001897,
        "TotalDuration": 27.515809774398804
    }
}