{
    "answer_query": {
        "TotalPromptTokens": 4942,
        "TotalCompletionTokens": 5389,
        "TotalCost": 0.10554500000000003,
        "TotalDuration": 64.2055938243866
    },
    "FinalTotal": {
        "TotalPromptTokens": 4942,
        "TotalCompletionTokens": 5389,
        "TotalCost": 0.10554500000000003,
        "TotalDuration": 64.2055938243866
    }
}