{
    "answer_query": {
        "TotalPromptTokens": 5889,
        "TotalCompletionTokens": 11834,
        "TotalCost": 0.20695499999999994,
        "TotalDuration": 148.55636382102966
    },
    "FinalTotal": {
        "TotalPromptTokens": 5889,
        "TotalCompletionTokens": 11834,
        "TotalCost": 0.20695499999999994,
        "TotalDuration": 148.55636382102966
    }
}