{
    "answer_query": {
        "TotalPromptTokens": 1430,
        "TotalCompletionTokens": 1435,
        "TotalCost": 0.028675000000000003,
        "TotalDuration": 17.479594469070435
    },
    "FinalTotal": {
        "TotalPromptTokens": 1430,
        "TotalCompletionTokens": 1435,
        "TotalCost": 0.028675000000000003,
        "TotalDuration": 17.479594469070435
    }
}