{
    "answer_query": {
        "TotalPromptTokens": 1430,
        "TotalCompletionTokens": 1253,
        "TotalCost": 0.000967,
        "TotalDuration": 10.655137062072754
    },
    "FinalTotal": {
        "TotalPromptTokens": 1430,
        "TotalCompletionTokens": 1253,
        "TotalCost": 0.000967,
        "TotalDuration": 10.655137062072754
    }
}