{
    "answer_query": {
        "TotalPromptTokens": 1430,
        "TotalCompletionTokens": 1385,
        "TotalCost": 0.027925000000000002,
        "TotalDuration": 15.817716360092163
    },
    "FinalTotal": {
        "TotalPromptTokens": 1430,
        "TotalCompletionTokens": 1385,
        "TotalCost": 0.027925000000000002,
        "TotalDuration": 15.817716360092163
    }
}