{
    "answer_query": {
        "TotalPromptTokens": 5889,
        "TotalCompletionTokens": 12227,
        "TotalCost": 0.21284999999999998,
        "TotalDuration": 145.41440653800964
    },
    "FinalTotal": {
        "TotalPromptTokens": 5889,
        "TotalCompletionTokens": 12227,
        "TotalCost": 0.21284999999999998,
        "TotalDuration": 145.41440653800964
    }
}