{
    "answer_query": {
        "TotalPromptTokens": 990,
        "TotalCompletionTokens": 4898,
        "TotalCost": 0.07842000000000002,
        "TotalDuration": 52.15437650680542
    },
    "FinalTotal": {
        "TotalPromptTokens": 990,
        "TotalCompletionTokens": 4898,
        "TotalCost": 0.07842000000000002,
        "TotalDuration": 52.15437650680542
    }
}