{
    "answer_query": {
        "TotalPromptTokens": 990,
        "TotalCompletionTokens": 3830,
        "TotalCost": 0.0024450000000000006,
        "TotalDuration": 36.000370025634766
    },
    "FinalTotal": {
        "TotalPromptTokens": 990,
        "TotalCompletionTokens": 3830,
        "TotalCost": 0.0024450000000000006,
        "TotalDuration": 36.000370025634766
    }
}