{
    "answer_query": {
        "TotalPromptTokens": 1764,
        "TotalCompletionTokens": 2575,
        "TotalCost": 0.0018090000000000003,
        "TotalDuration": 28.951391220092773
    },
    "FinalTotal": {
        "TotalPromptTokens": 1764,
        "TotalCompletionTokens": 2575,
        "TotalCost": 0.0018090000000000003,
        "TotalDuration": 28.951391220092773
    }
}