{
    "answer_query": {
        "TotalPromptTokens": 2507,
        "TotalCompletionTokens": 4715,
        "TotalCost": 0.003205,
        "TotalDuration": 41.785234451293945
    },
    "FinalTotal": {
        "TotalPromptTokens": 2507,
        "TotalCompletionTokens": 4715,
        "TotalCost": 0.003205,
        "TotalDuration": 41.785234451293945
    }
}