{
    "answer_query": {
        "TotalPromptTokens": 19370,
        "TotalCompletionTokens": 4574,
        "TotalCost": 0.16546000000000002,
        "TotalDuration": 55.18288779258728
    },
    "FinalTotal": {
        "TotalPromptTokens": 19370,
        "TotalCompletionTokens": 4574,
        "TotalCost": 0.16546000000000002,
        "TotalDuration": 55.18288779258728
    }
}