{
    "answer_query": {
        "TotalPromptTokens": 1430,
        "TotalCompletionTokens": 1359,
        "TotalCost": 0.001031,
        "TotalDuration": 13.349238157272339
    },
    "FinalTotal": {
        "TotalPromptTokens": 1430,
        "TotalCompletionTokens": 1359,
        "TotalCost": 0.001031,
        "TotalDuration": 13.349238157272339
    }
}