{
    "answer_query": {
        "TotalPromptTokens": 4942,
        "TotalCompletionTokens": 4453,
        "TotalCost": 0.0034130000000000007,
        "TotalDuration": 43.869571685791016
    },
    "FinalTotal": {
        "TotalPromptTokens": 4942,
        "TotalCompletionTokens": 4453,
        "TotalCost": 0.0034130000000000007,
        "TotalDuration": 43.869571685791016
    }
}