{
    "answer_query": {
        "TotalPromptTokens": 521,
        "TotalCompletionTokens": 688,
        "TotalCost": 0.012924999999999999,
        "TotalDuration": 12.553524255752563
    },
    "FinalTotal": {
        "TotalPromptTokens": 521,
        "TotalCompletionTokens": 688,
        "TotalCost": 0.012924999999999999,
        "TotalDuration": 12.553524255752563
    }
}