{
    "answer_query": {
        "TotalPromptTokens": 4942,
        "TotalCompletionTokens": 4807,
        "TotalCost": 0.0036270000000000004,
        "TotalDuration": 40.58073663711548
    },
    "FinalTotal": {
        "TotalPromptTokens": 4942,
        "TotalCompletionTokens": 4807,
        "TotalCost": 0.0036270000000000004,
        "TotalDuration": 40.58073663711548
    }
}