{
    "answer_query": {
        "TotalPromptTokens": 1430,
        "TotalCompletionTokens": 1403,
        "TotalCost": 0.001056,
        "TotalDuration": 11.722217321395874
    },
    "FinalTotal": {
        "TotalPromptTokens": 1430,
        "TotalCompletionTokens": 1403,
        "TotalCost": 0.001056,
        "TotalDuration": 11.722217321395874
    }
}