{
    "answer_query": {
        "TotalPromptTokens": 5889,
        "TotalCompletionTokens": 12045,
        "TotalCost": 0.21012000000000006,
        "TotalDuration": 154.37696886062622
    },
    "FinalTotal": {
        "TotalPromptTokens": 5889,
        "TotalCompletionTokens": 12045,
        "TotalCost": 0.21012000000000006,
        "TotalDuration": 154.37696886062622
    }
}