{
    "define_next_step": {
        "TotalPromptTokens": 71900,
        "TotalCompletionTokens": 2415,
        "TotalCost": 0.012233,
        "TotalDuration": 55.5890679359436
    },
    "merge_reasons_to_insert": {
        "TotalPromptTokens": 2185,
        "TotalCompletionTokens": 132,
        "TotalCost": 0.00040599999999999995,
        "TotalDuration": 3.430258274078369
    },
    "define_tool_calls": {
        "TotalPromptTokens": 7498,
        "TotalCompletionTokens": 545,
        "TotalCost": 0.001452,
        "TotalDuration": 14.310198307037354
    },
    "LLMTool._run": {
        "TotalPromptTokens": 404,
        "TotalCompletionTokens": 1310,
        "TotalCost": 0.000848,
        "TotalDuration": 21.875613927841187
    },
    "llm_query_COMPLETE_TOOL_CALL_COST_NOT_LOGGED": {
        "TotalPromptTokens": 0,
        "TotalCompletionTokens": 0,
        "TotalCost": 0.0,
        "TotalDuration": 21.88435459136963
    },
    "define_cypher_query_given_new_information": {
        "TotalPromptTokens": 14499,
        "TotalCompletionTokens": 2476,
        "TotalCost": 0.0036599999999999996,
        "TotalDuration": 31.613168001174927
    },
    "define_need_for_math_before_parsing": {
        "TotalPromptTokens": 20542,
        "TotalCompletionTokens": 204,
        "TotalCost": 0.003202000000000001,
        "TotalDuration": 12.216246366500854
    },
    "parse_solution_with_llm": {
        "TotalPromptTokens": 53790,
        "TotalCompletionTokens": 846,
        "TotalCost": 0.008577999999999999,
        "TotalDuration": 47.48077845573425
    },
    "define_final_solution": {
        "TotalPromptTokens": 5199,
        "TotalCompletionTokens": 59,
        "TotalCost": 0.000816,
        "TotalDuration": 2.4635066986083984
    },
    "fix_cypher": {
        "TotalPromptTokens": 7838,
        "TotalCompletionTokens": 1064,
        "TotalCost": 0.0018100000000000004,
        "TotalDuration": 20.926201581954956
    },
    "WolframAlphaTool._run": {
        "TotalPromptTokens": 11723,
        "TotalCompletionTokens": 4802,
        "TotalCost": 0.20464,
        "TotalDuration": 76.62629985809326
    },
    "define_retrieve_query": {
        "TotalPromptTokens": 6385,
        "TotalCompletionTokens": 285,
        "TotalCost": 0.00113,
        "TotalDuration": 6.699237585067749
    },
    "FinalTotal": {
        "TotalPromptTokens": 201963,
        "TotalCompletionTokens": 14138,
        "TotalCost": 0.23877499999999996,
        "TotalDuration": 315.11493158340454
    }
}