{
    "answer_query": {
        "TotalPromptTokens": 1764,
        "TotalCompletionTokens": 2495,
        "TotalCost": 0.001761,
        "TotalDuration": 22.135374307632446
    },
    "FinalTotal": {
        "TotalPromptTokens": 1764,
        "TotalCompletionTokens": 2495,
        "TotalCost": 0.001761,
        "TotalDuration": 22.135374307632446
    }
}