{
    "answer_query": {
        "TotalPromptTokens": 521,
        "TotalCompletionTokens": 382,
        "TotalCost": 0.00030900000000000003,
        "TotalDuration": 6.262510776519775
    },
    "FinalTotal": {
        "TotalPromptTokens": 521,
        "TotalCompletionTokens": 382,
        "TotalCost": 0.00030900000000000003,
        "TotalDuration": 6.262510776519775
    }
}