{
    "answer_query": {
        "TotalPromptTokens": 19370,
        "TotalCompletionTokens": 976,
        "TotalCost": 0.003492,
        "TotalDuration": 13.381194829940796
    },
    "FinalTotal": {
        "TotalPromptTokens": 19370,
        "TotalCompletionTokens": 976,
        "TotalCost": 0.003492,
        "TotalDuration": 13.381194829940796
    }
}