{
    "answer_query": {
        "TotalPromptTokens": 990,
        "TotalCompletionTokens": 19767,
        "TotalCost": 0.012006999999999997,
        "TotalDuration": 158.04102993011475
    },
    "FinalTotal": {
        "TotalPromptTokens": 990,
        "TotalCompletionTokens": 19767,
        "TotalCost": 0.012006999999999997,
        "TotalDuration": 158.04102993011475
    }
}