{
    "answer_query": {
        "TotalPromptTokens": 1764,
        "TotalCompletionTokens": 2404,
        "TotalCost": 0.001707,
        "TotalDuration": 21.363926649093628
    },
    "FinalTotal": {
        "TotalPromptTokens": 1764,
        "TotalCompletionTokens": 2404,
        "TotalCost": 0.001707,
        "TotalDuration": 21.363926649093628
    }
}