{
    "answer_query": {
        "TotalPromptTokens": 5889,
        "TotalCompletionTokens": 6233,
        "TotalCost": 0.004618999999999997,
        "TotalDuration": 72.85417675971985
    },
    "FinalTotal": {
        "TotalPromptTokens": 5889,
        "TotalCompletionTokens": 6233,
        "TotalCost": 0.004618999999999997,
        "TotalDuration": 72.85417675971985
    }
}