{
    "answer_query": {
        "TotalPromptTokens": 2507,
        "TotalCompletionTokens": 9270,
        "TotalCost": 0.151585,
        "TotalDuration": 104.95590829849243
    },
    "FinalTotal": {
        "TotalPromptTokens": 2507,
        "TotalCompletionTokens": 9270,
        "TotalCost": 0.151585,
        "TotalDuration": 104.95590829849243
    }
}