{
    "answer_query": {
        "TotalPromptTokens": 990,
        "TotalCompletionTokens": 6666,
        "TotalCost": 0.10493999999999999,
        "TotalDuration": 78.67468094825745
    },
    "FinalTotal": {
        "TotalPromptTokens": 990,
        "TotalCompletionTokens": 6666,
        "TotalCost": 0.10493999999999999,
        "TotalDuration": 78.67468094825745
    }
}