{
    "answer_query": {
        "TotalPromptTokens": 1430,
        "TotalCompletionTokens": 1387,
        "TotalCost": 0.001047,
        "TotalDuration": 11.527147054672241
    },
    "FinalTotal": {
        "TotalPromptTokens": 1430,
        "TotalCompletionTokens": 1387,
        "TotalCost": 0.001047,
        "TotalDuration": 11.527147054672241
    }
}