{
    "answer_query": {
        "TotalPromptTokens": 511,
        "TotalCompletionTokens": 934,
        "TotalCost": 0.016565000000000003,
        "TotalDuration": 12.256176948547363
    },
    "FinalTotal": {
        "TotalPromptTokens": 511,
        "TotalCompletionTokens": 934,
        "TotalCost": 0.016565000000000003,
        "TotalDuration": 12.256176948547363
    }
}