{
    "answer_query": {
        "TotalPromptTokens": 292,
        "TotalCompletionTokens": 827,
        "TotalCost": 0.013864999999999999,
        "TotalDuration": 10.126494646072388
    },
    "FinalTotal": {
        "TotalPromptTokens": 292,
        "TotalCompletionTokens": 827,
        "TotalCost": 0.013864999999999999,
        "TotalDuration": 10.126494646072388
    }
}