{
    "answer_query": {
        "TotalPromptTokens": 19370,
        "TotalCompletionTokens": 4567,
        "TotalCost": 0.165355,
        "TotalDuration": 59.40693545341492
    },
    "FinalTotal": {
        "TotalPromptTokens": 19370,
        "TotalCompletionTokens": 4567,
        "TotalCost": 0.165355,
        "TotalDuration": 59.40693545341492
    }
}