{
    "TotalPromptTokens": 38216,
    "TotalCompletionTokens": 24720,
    "TotalCost": 0.020556999999999995,
    "TotalDuration": 254.49549221992493
}