{
    "TotalPromptTokens": 38216,
    "TotalCompletionTokens": 58785,
    "TotalCost": 0.04100199999999999,
    "TotalDuration": 603.8306136131287
}