{
    "TotalPromptTokens": 38216,
    "TotalCompletionTokens": 41329,
    "TotalCost": 0.030526,
    "TotalDuration": 390.0767047405243
}