{
    "TotalPromptTokens": 38216,
    "TotalCompletionTokens": 57817,
    "TotalCost": 0.04041899999999999,
    "TotalDuration": 632.9730226993561
}