{
    "TotalPromptTokens": 38216,
    "TotalCompletionTokens": 55769,
    "TotalCost": 0.039194,
    "TotalDuration": 633.3407616615295
}