{
    "TotalPromptTokens": 38216,
    "TotalCompletionTokens": 25796,
    "TotalCost": 0.021207,
    "TotalDuration": 265.4550271034241
}