{
    "TotalPromptTokens": 38216,
    "TotalCompletionTokens": 42439,
    "TotalCost": 0.031191999999999998,
    "TotalDuration": 409.6368885040283
}