{
    "TotalPromptTokens": 38216,
    "TotalCompletionTokens": 56888,
    "TotalCost": 0.03985899999999999,
    "TotalDuration": 597.7674305438995
}