{
    "TotalPromptTokens": 38216,
    "TotalCompletionTokens": 40319,
    "TotalCost": 0.029921999999999997,
    "TotalDuration": 410.62028312683105
}