{
    "TotalPromptTokens": 38216,
    "TotalCompletionTokens": 57870,
    "TotalCost": 0.040452,
    "TotalDuration": 474.54763293266296
}