{
    "answer_query": {
        "TotalPromptTokens": 1430,
        "TotalCompletionTokens": 1394,
        "TotalCost": 0.0010509999999999999,
        "TotalDuration": 12.596242189407349
    },
    "FinalTotal": {
        "TotalPromptTokens": 1430,
        "TotalCompletionTokens": 1394,
        "TotalCost": 0.0010509999999999999,
        "TotalDuration": 12.596242189407349
    }
}