{
    "answer_query": {
        "TotalPromptTokens": 19370,
        "TotalCompletionTokens": 16804,
        "TotalCost": 0.012988,
        "TotalDuration": 217.83865666389465
    },
    "FinalTotal": {
        "TotalPromptTokens": 19370,
        "TotalCompletionTokens": 16804,
        "TotalCost": 0.012988,
        "TotalDuration": 217.83865666389465
    }
}