{
    "answer_query": {
        "TotalPromptTokens": 511,
        "TotalCompletionTokens": 784,
        "TotalCost": 0.0005480000000000001,
        "TotalDuration": 8.904847145080566
    },
    "FinalTotal": {
        "TotalPromptTokens": 511,
        "TotalCompletionTokens": 784,
        "TotalCost": 0.0005480000000000001,
        "TotalDuration": 8.904847145080566
    }
}