{
    "define_next_step": {
        "TotalPromptTokens": 307170,
        "TotalCompletionTokens": 11398,
        "TotalCost": 1.706820000000001,
        "TotalDuration": 232.2589828968048
    },
    "merge_reasons_to_insert": {
        "TotalPromptTokens": 14821,
        "TotalCompletionTokens": 1478,
        "TotalCost": 0.09627499999999997,
        "TotalDuration": 32.94090151786804
    },
    "define_tool_calls": {
        "TotalPromptTokens": 48548,
        "TotalCompletionTokens": 1492,
        "TotalCost": 0.2651199999999999,
        "TotalDuration": 32.8280987739563
    },
    "load_documents_COMPLETE_TOOL_CALL_COST_NOT_LOGGED": {
        "TotalPromptTokens": 0,
        "TotalCompletionTokens": 0,
        "TotalCost": 0.0,
        "TotalDuration": 4.455296277999878
    },
    "define_cypher_query_given_new_information": {
        "TotalPromptTokens": 47617,
        "TotalCompletionTokens": 4347,
        "TotalCost": 0.30328999999999995,
        "TotalDuration": 69.36050701141357
    },
    "LLMTool._run": {
        "TotalPromptTokens": 734,
        "TotalCompletionTokens": 13758,
        "TotalCost": 0.21004,
        "TotalDuration": 178.41148972511292
    },
    "llm_query_COMPLETE_TOOL_CALL_COST_NOT_LOGGED": {
        "TotalPromptTokens": 0,
        "TotalCompletionTokens": 0,
        "TotalCost": 0.0,
        "TotalDuration": 178.42621183395386
    },
    "define_need_for_math_before_parsing": {
        "TotalPromptTokens": 46447,
        "TotalCompletionTokens": 691,
        "TotalCost": 0.2426,
        "TotalDuration": 29.69102120399475
    },
    "parse_solution_with_llm": {
        "TotalPromptTokens": 118629,
        "TotalCompletionTokens": 2794,
        "TotalCost": 0.6350549999999993,
        "TotalDuration": 105.40112614631653
    },
    "define_final_solution": {
        "TotalPromptTokens": 11411,
        "TotalCompletionTokens": 197,
        "TotalCost": 0.06001000000000001,
        "TotalDuration": 7.741455793380737
    },
    "WolframAlphaTool._run": {
        "TotalPromptTokens": 97961,
        "TotalCompletionTokens": 12608,
        "TotalCost": 1.0289249999999999,
        "TotalDuration": 237.0721776485443
    },
    "FinalTotal": {
        "TotalPromptTokens": 693338,
        "TotalCompletionTokens": 48763,
        "TotalCost": 4.548135000000011,
        "TotalDuration": 1108.5872688293457
    }
}