{
    "answer_query": {
        "TotalPromptTokens": 19370,
        "TotalCompletionTokens": 975,
        "TotalCost": 0.003491,
        "TotalDuration": 12.999037504196167
    },
    "FinalTotal": {
        "TotalPromptTokens": 19370,
        "TotalCompletionTokens": 975,
        "TotalCost": 0.003491,
        "TotalDuration": 12.999037504196167
    }
}