{
    "answer_query": {
        "TotalPromptTokens": 5889,
        "TotalCompletionTokens": 11311,
        "TotalCost": 0.19911,
        "TotalDuration": 144.01117753982544
    },
    "FinalTotal": {
        "TotalPromptTokens": 5889,
        "TotalCompletionTokens": 11311,
        "TotalCost": 0.19911,
        "TotalDuration": 144.01117753982544
    }
}