{
    "answer_query": {
        "TotalPromptTokens": 4942,
        "TotalCompletionTokens": 4634,
        "TotalCost": 0.003522000000000001,
        "TotalDuration": 53.29786658287048
    },
    "FinalTotal": {
        "TotalPromptTokens": 4942,
        "TotalCompletionTokens": 4634,
        "TotalCost": 0.003522000000000001,
        "TotalDuration": 53.29786658287048
    }
}