{
    "answer_query": {
        "TotalPromptTokens": 1764,
        "TotalCompletionTokens": 3977,
        "TotalCost": 0.06847500000000001,
        "TotalDuration": 45.34811615943909
    },
    "FinalTotal": {
        "TotalPromptTokens": 1764,
        "TotalCompletionTokens": 3977,
        "TotalCost": 0.06847500000000001,
        "TotalDuration": 45.34811615943909
    }
}