{
    "answer_query": {
        "TotalPromptTokens": 1764,
        "TotalCompletionTokens": 2458,
        "TotalCost": 0.0017389999999999999,
        "TotalDuration": 23.634230613708496
    },
    "FinalTotal": {
        "TotalPromptTokens": 1764,
        "TotalCompletionTokens": 2458,
        "TotalCost": 0.0017389999999999999,
        "TotalDuration": 23.634230613708496
    }
}