{
    "answer_query": {
        "TotalPromptTokens": 19370,
        "TotalCompletionTokens": 1031,
        "TotalCost": 0.0035240000000000002,
        "TotalDuration": 12.379539966583252
    },
    "FinalTotal": {
        "TotalPromptTokens": 19370,
        "TotalCompletionTokens": 1031,
        "TotalCost": 0.0035240000000000002,
        "TotalDuration": 12.379539966583252
    }
}