{
    "answer_query": {
        "TotalPromptTokens": 1764,
        "TotalCompletionTokens": 2277,
        "TotalCost": 0.0016309999999999999,
        "TotalDuration": 23.97641086578369
    },
    "FinalTotal": {
        "TotalPromptTokens": 1764,
        "TotalCompletionTokens": 2277,
        "TotalCost": 0.0016309999999999999,
        "TotalDuration": 23.97641086578369
    }
}