{
    "answer_query": {
        "TotalPromptTokens": 5889,
        "TotalCompletionTokens": 11126,
        "TotalCost": 0.19633499999999993,
        "TotalDuration": 166.5354449748993
    },
    "FinalTotal": {
        "TotalPromptTokens": 5889,
        "TotalCompletionTokens": 11126,
        "TotalCost": 0.19633499999999993,
        "TotalDuration": 166.5354449748993
    }
}