{
    "answer_query": {
        "TotalPromptTokens": 990,
        "TotalCompletionTokens": 3088,
        "TotalCost": 0.051269999999999996,
        "TotalDuration": 37.53244066238403
    },
    "FinalTotal": {
        "TotalPromptTokens": 990,
        "TotalCompletionTokens": 3088,
        "TotalCost": 0.051269999999999996,
        "TotalDuration": 37.53244066238403
    }
}