{
    "answer_query": {
        "TotalPromptTokens": 990,
        "TotalCompletionTokens": 18852,
        "TotalCost": 0.011458,
        "TotalDuration": 204.78434562683105
    },
    "FinalTotal": {
        "TotalPromptTokens": 990,
        "TotalCompletionTokens": 18852,
        "TotalCost": 0.011458,
        "TotalDuration": 204.78434562683105
    }
}