{
    "answer_query": {
        "TotalPromptTokens": 292,
        "TotalCompletionTokens": 251,
        "TotalCost": 0.00019299999999999997,
        "TotalDuration": 4.059035301208496
    },
    "FinalTotal": {
        "TotalPromptTokens": 292,
        "TotalCompletionTokens": 251,
        "TotalCost": 0.00019299999999999997,
        "TotalDuration": 4.059035301208496
    }
}