{
    "answer_query": {
        "TotalPromptTokens": 2507,
        "TotalCompletionTokens": 4582,
        "TotalCost": 0.003126,
        "TotalDuration": 38.229573011398315
    },
    "FinalTotal": {
        "TotalPromptTokens": 2507,
        "TotalCompletionTokens": 4582,
        "TotalCost": 0.003126,
        "TotalDuration": 38.229573011398315
    }
}