{
    "answer_query": {
        "TotalPromptTokens": 19370,
        "TotalCompletionTokens": 16767,
        "TotalCost": 0.012965,
        "TotalDuration": 205.78760361671448
    },
    "FinalTotal": {
        "TotalPromptTokens": 19370,
        "TotalCompletionTokens": 16767,
        "TotalCost": 0.012965,
        "TotalDuration": 205.78760361671448
    }
}