{
    "answer_query": {
        "TotalPromptTokens": 19370,
        "TotalCompletionTokens": 1075,
        "TotalCost": 0.112975,
        "TotalDuration": 13.977850675582886
    },
    "FinalTotal": {
        "TotalPromptTokens": 19370,
        "TotalCompletionTokens": 1075,
        "TotalCost": 0.112975,
        "TotalDuration": 13.977850675582886
    }
}