{
    "define_next_step": {
        "TotalPromptTokens": 4118887,
        "TotalCompletionTokens": 110059,
        "TotalCost": 0.6838260000000005,
        "TotalDuration": 2772.4019918441772
    },
    "merge_reasons_to_insert": {
        "TotalPromptTokens": 176696,
        "TotalCompletionTokens": 12963,
        "TotalCost": 0.03424000000000004,
        "TotalDuration": 341.6921615600586
    },
    "define_tool_calls": {
        "TotalPromptTokens": 669865,
        "TotalCompletionTokens": 28867,
        "TotalCost": 0.117803,
        "TotalDuration": 582.7479557991028
    },
    "load_documents_COMPLETE_TOOL_CALL_COST_NOT_LOGGED": {
        "TotalPromptTokens": 0,
        "TotalCompletionTokens": 0,
        "TotalCost": 0.0,
        "TotalDuration": 58.807915687561035
    },
    "define_cypher_query_given_new_information": {
        "TotalPromptTokens": 677969,
        "TotalCompletionTokens": 113566,
        "TotalCost": 0.169829,
        "TotalDuration": 1741.49786901474
    },
    "fix_cypher": {
        "TotalPromptTokens": 376722,
        "TotalCompletionTokens": 138165,
        "TotalCost": 0.13939,
        "TotalDuration": 2063.649525642395
    },
    "LLMTool._run": {
        "TotalPromptTokens": 20440,
        "TotalCompletionTokens": 85986,
        "TotalCost": 0.05465400000000001,
        "TotalDuration": 1469.9644649028778
    },
    "llm_query_COMPLETE_TOOL_CALL_COST_NOT_LOGGED": {
        "TotalPromptTokens": 0,
        "TotalCompletionTokens": 0,
        "TotalCost": 0.0,
        "TotalDuration": 1470.2327682971954
    },
    "define_need_for_math_before_parsing": {
        "TotalPromptTokens": 606641,
        "TotalCompletionTokens": 5559,
        "TotalCost": 0.094303,
        "TotalDuration": 375.9648747444153
    },
    "parse_solution_with_llm": {
        "TotalPromptTokens": 1564584,
        "TotalCompletionTokens": 30433,
        "TotalCost": 0.25290099999999993,
        "TotalDuration": 1326.8633079528809
    },
    "define_final_solution": {
        "TotalPromptTokens": 155672,
        "TotalCompletionTokens": 2266,
        "TotalCost": 0.024712,
        "TotalDuration": 94.0518000125885
    },
    "fix_json": {
        "TotalPromptTokens": 59705,
        "TotalCompletionTokens": 27437,
        "TotalCost": 0.025420000000000005,
        "TotalDuration": 407.5466592311859
    },
    "WolframAlphaTool._run": {
        "TotalPromptTokens": 671623,
        "TotalCompletionTokens": 105673,
        "TotalCost": 4.864151000000001,
        "TotalDuration": 2279.6855182647705
    },
    "AudioTranscriptionLoader.transcribe_audio": {
        "TotalPromptTokens": 0,
        "TotalCompletionTokens": 0,
        "TotalCost": 0.0,
        "TotalDuration": 21.073802947998047
    },
    "define_retrieve_query": {
        "TotalPromptTokens": 117753,
        "TotalCompletionTokens": 7816,
        "TotalCost": 0.022348999999999997,
        "TotalDuration": 139.11271214485168
    },
    "FinalTotal": {
        "TotalPromptTokens": 9216557,
        "TotalCompletionTokens": 668790,
        "TotalCost": 6.483577999999991,
        "TotalDuration": 15145.293328046799
    },
    "FinalTotal_minus_not_logged": {
        "TotalPromptTokens": 9216557,
        "TotalCompletionTokens": 668790,
        "TotalCost": 6.483577999999991,
        "TotalDuration": 13616.252644062042
    }
}