{
    "answer_query": {
        "TotalPromptTokens": 19370,
        "TotalCompletionTokens": 1240,
        "TotalCost": 0.11545,
        "TotalDuration": 14.963178634643555
    },
    "FinalTotal": {
        "TotalPromptTokens": 19370,
        "TotalCompletionTokens": 1240,
        "TotalCost": 0.11545,
        "TotalDuration": 14.963178634643555
    }
}