{
    "answer_query": {
        "TotalPromptTokens": 1764,
        "TotalCompletionTokens": 18687,
        "TotalCost": 0.011475999999999997,
        "TotalDuration": 136.0181655883789
    },
    "FinalTotal": {
        "TotalPromptTokens": 1764,
        "TotalCompletionTokens": 18687,
        "TotalCost": 0.011475999999999997,
        "TotalDuration": 136.0181655883789
    }
}