{
    "answer_query": {
        "TotalPromptTokens": 4942,
        "TotalCompletionTokens": 4899,
        "TotalCost": 0.0036810000000000007,
        "TotalDuration": 42.33935618400574
    },
    "FinalTotal": {
        "TotalPromptTokens": 4942,
        "TotalCompletionTokens": 4899,
        "TotalCost": 0.0036810000000000007,
        "TotalDuration": 42.33935618400574
    }
}