{
    "answer_query": {
        "TotalPromptTokens": 19370,
        "TotalCompletionTokens": 3547,
        "TotalCost": 0.150055,
        "TotalDuration": 42.399235248565674
    },
    "FinalTotal": {
        "TotalPromptTokens": 19370,
        "TotalCompletionTokens": 3547,
        "TotalCost": 0.150055,
        "TotalDuration": 42.399235248565674
    }
}