{
    "answer_query": {
        "TotalPromptTokens": 1430,
        "TotalCompletionTokens": 1449,
        "TotalCost": 0.028884999999999997,
        "TotalDuration": 16.652722120285034
    },
    "FinalTotal": {
        "TotalPromptTokens": 1430,
        "TotalCompletionTokens": 1449,
        "TotalCost": 0.028884999999999997,
        "TotalDuration": 16.652722120285034
    }
}