{
    "answer_query": {
        "TotalPromptTokens": 19370,
        "TotalCompletionTokens": 1197,
        "TotalCost": 0.114805,
        "TotalDuration": 15.66425108909607
    },
    "FinalTotal": {
        "TotalPromptTokens": 19370,
        "TotalCompletionTokens": 1197,
        "TotalCost": 0.114805,
        "TotalDuration": 15.66425108909607
    }
}