{
    "answer_query": {
        "TotalPromptTokens": 1430,
        "TotalCompletionTokens": 1281,
        "TotalCost": 0.000983,
        "TotalDuration": 10.806775331497192
    },
    "FinalTotal": {
        "TotalPromptTokens": 1430,
        "TotalCompletionTokens": 1281,
        "TotalCost": 0.000983,
        "TotalDuration": 10.806775331497192
    }
}