{
    "answer_query": {
        "TotalPromptTokens": 4942,
        "TotalCompletionTokens": 4479,
        "TotalCost": 0.0034290000000000006,
        "TotalDuration": 44.06090259552002
    },
    "FinalTotal": {
        "TotalPromptTokens": 4942,
        "TotalCompletionTokens": 4479,
        "TotalCost": 0.0034290000000000006,
        "TotalDuration": 44.06090259552002
    }
}