{
    "answer_query": {
        "TotalPromptTokens": 5889,
        "TotalCompletionTokens": 6120,
        "TotalCost": 0.0045509999999999995,
        "TotalDuration": 84.72499561309814
    },
    "FinalTotal": {
        "TotalPromptTokens": 5889,
        "TotalCompletionTokens": 6120,
        "TotalCost": 0.0045509999999999995,
        "TotalDuration": 84.72499561309814
    }
}