{
    "TotalPromptTokens": 38216,
    "TotalCompletionTokens": 38721,
    "TotalCost": 0.771895,
    "TotalDuration": 450.9144251346588
}