{
    "TotalPromptTokens": 38216,
    "TotalCompletionTokens": 37940,
    "TotalCost": 0.7601799999999999,
    "TotalDuration": 482.0610542297363
}