{
    "TotalPromptTokens": 38216,
    "TotalCompletionTokens": 37166,
    "TotalCost": 0.7485700000000001,
    "TotalDuration": 440.1512007713318
}