{
    "TotalPromptTokens": 38216,
    "TotalCompletionTokens": 38012,
    "TotalCost": 0.7612600000000002,
    "TotalDuration": 467.4075548648834
}