{
    "TotalPromptTokens": 38216,
    "TotalCompletionTokens": 41180,
    "TotalCost": 0.8087799999999999,
    "TotalDuration": 487.8055262565613
}