{
    "TotalPromptTokens": 38216,
    "TotalCompletionTokens": 40079,
    "TotalCost": 0.792265,
    "TotalDuration": 482.85440278053284
}