{
    "TotalPromptTokens": 38216,
    "TotalCompletionTokens": 46146,
    "TotalCost": 0.88327,
    "TotalDuration": 512.7158987522125
}