{
    "TotalPromptTokens": 38216,
    "TotalCompletionTokens": 37760,
    "TotalCost": 0.75748,
    "TotalDuration": 442.75136613845825
}