{
    "TotalPromptTokens": 38216,
    "TotalCompletionTokens": 40256,
    "TotalCost": 0.79492,
    "TotalDuration": 469.5345380306244
}