{
    "answer_query": {
        "TotalPromptTokens": 19370,
        "TotalCompletionTokens": 1177,
        "TotalCost": 0.114505,
        "TotalDuration": 14.974756956100464
    },
    "FinalTotal": {
        "TotalPromptTokens": 19370,
        "TotalCompletionTokens": 1177,
        "TotalCost": 0.114505,
        "TotalDuration": 14.974756956100464
    }
}