{
    "answer_query": {
        "TotalPromptTokens": 4942,
        "TotalCompletionTokens": 4448,
        "TotalCost": 0.0034099999999999994,
        "TotalDuration": 50.10511875152588
    },
    "FinalTotal": {
        "TotalPromptTokens": 4942,
        "TotalCompletionTokens": 4448,
        "TotalCost": 0.0034099999999999994,
        "TotalDuration": 50.10511875152588
    }
}