{
    "answer_query": {
        "TotalPromptTokens": 19370,
        "TotalCompletionTokens": 1928,
        "TotalCost": 0.12577,
        "TotalDuration": 28.981439352035522
    },
    "FinalTotal": {
        "TotalPromptTokens": 19370,
        "TotalCompletionTokens": 1928,
        "TotalCost": 0.12577,
        "TotalDuration": 28.981439352035522
    }
}