{
    "answer_query": {
        "TotalPromptTokens": 1430,
        "TotalCompletionTokens": 1272,
        "TotalCost": 0.000978,
        "TotalDuration": 13.042592287063599
    },
    "FinalTotal": {
        "TotalPromptTokens": 1430,
        "TotalCompletionTokens": 1272,
        "TotalCost": 0.000978,
        "TotalDuration": 13.042592287063599
    }
}