{
    "answer_query": {
        "TotalPromptTokens": 19370,
        "TotalCompletionTokens": 16805,
        "TotalCost": 0.012988,
        "TotalDuration": 219.1911940574646
    },
    "FinalTotal": {
        "TotalPromptTokens": 19370,
        "TotalCompletionTokens": 16805,
        "TotalCost": 0.012988,
        "TotalDuration": 219.1911940574646
    }
}