{
    "answer_query": {
        "TotalPromptTokens": 1430,
        "TotalCompletionTokens": 1403,
        "TotalCost": 0.001056,
        "TotalDuration": 14.207664966583252
    },
    "FinalTotal": {
        "TotalPromptTokens": 1430,
        "TotalCompletionTokens": 1403,
        "TotalCost": 0.001056,
        "TotalDuration": 14.207664966583252
    }
}