{
    "answer_query": {
        "TotalPromptTokens": 1764,
        "TotalCompletionTokens": 3457,
        "TotalCost": 0.060675,
        "TotalDuration": 42.992287397384644
    },
    "FinalTotal": {
        "TotalPromptTokens": 1764,
        "TotalCompletionTokens": 3457,
        "TotalCost": 0.060675,
        "TotalDuration": 42.992287397384644
    }
}