{
    "answer_query": {
        "TotalPromptTokens": 4942,
        "TotalCompletionTokens": 6235,
        "TotalCost": 0.11823499999999998,
        "TotalDuration": 70.14479804039001
    },
    "FinalTotal": {
        "TotalPromptTokens": 4942,
        "TotalCompletionTokens": 6235,
        "TotalCost": 0.11823499999999998,
        "TotalDuration": 70.14479804039001
    }
}