{
    "answer_query": {
        "TotalPromptTokens": 990,
        "TotalCompletionTokens": 21667,
        "TotalCost": 0.013146999999999997,
        "TotalDuration": 177.96469473838806
    },
    "FinalTotal": {
        "TotalPromptTokens": 990,
        "TotalCompletionTokens": 21667,
        "TotalCost": 0.013146999999999997,
        "TotalDuration": 177.96469473838806
    }
}