{
    "answer_query": {
        "TotalPromptTokens": 5889,
        "TotalCompletionTokens": 11536,
        "TotalCost": 0.20248500000000005,
        "TotalDuration": 140.70500373840332
    },
    "FinalTotal": {
        "TotalPromptTokens": 5889,
        "TotalCompletionTokens": 11536,
        "TotalCost": 0.20248500000000005,
        "TotalDuration": 140.70500373840332
    }
}