{
    "answer_query": {
        "TotalPromptTokens": 4942,
        "TotalCompletionTokens": 5577,
        "TotalCost": 0.10836499999999999,
        "TotalDuration": 65.16350960731506
    },
    "FinalTotal": {
        "TotalPromptTokens": 4942,
        "TotalCompletionTokens": 5577,
        "TotalCost": 0.10836499999999999,
        "TotalDuration": 65.16350960731506
    }
}