{
    "answer_query": {
        "TotalPromptTokens": 990,
        "TotalCompletionTokens": 4377,
        "TotalCost": 0.0027740000000000004,
        "TotalDuration": 43.62314748764038
    },
    "FinalTotal": {
        "TotalPromptTokens": 990,
        "TotalCompletionTokens": 4377,
        "TotalCost": 0.0027740000000000004,
        "TotalDuration": 43.62314748764038
    }
}