{
    "answer_query": {
        "TotalPromptTokens": 1764,
        "TotalCompletionTokens": 2364,
        "TotalCost": 0.0016839999999999997,
        "TotalDuration": 24.419538497924805
    },
    "FinalTotal": {
        "TotalPromptTokens": 1764,
        "TotalCompletionTokens": 2364,
        "TotalCost": 0.0016839999999999997,
        "TotalDuration": 24.419538497924805
    }
}