{
    "answer_query": {
        "TotalPromptTokens": 1764,
        "TotalCompletionTokens": 2623,
        "TotalCost": 0.0018379999999999996,
        "TotalDuration": 24.366419792175293
    },
    "FinalTotal": {
        "TotalPromptTokens": 1764,
        "TotalCompletionTokens": 2623,
        "TotalCost": 0.0018379999999999996,
        "TotalDuration": 24.366419792175293
    }
}