{
    "answer_query": {
        "TotalPromptTokens": 4942,
        "TotalCompletionTokens": 4245,
        "TotalCost": 0.003288000000000001,
        "TotalDuration": 45.88385891914368
    },
    "FinalTotal": {
        "TotalPromptTokens": 4942,
        "TotalCompletionTokens": 4245,
        "TotalCost": 0.003288000000000001,
        "TotalDuration": 45.88385891914368
    }
}