{
    "answer_query": {
        "TotalPromptTokens": 521,
        "TotalCompletionTokens": 374,
        "TotalCost": 0.00030399999999999996,
        "TotalDuration": 6.206737518310547
    },
    "FinalTotal": {
        "TotalPromptTokens": 521,
        "TotalCompletionTokens": 374,
        "TotalCost": 0.00030399999999999996,
        "TotalDuration": 6.206737518310547
    }
}