{
    "answer_query": {
        "TotalPromptTokens": 4942,
        "TotalCompletionTokens": 6314,
        "TotalCost": 0.11941999999999998,
        "TotalDuration": 72.86119794845581
    },
    "FinalTotal": {
        "TotalPromptTokens": 4942,
        "TotalCompletionTokens": 6314,
        "TotalCost": 0.11941999999999998,
        "TotalDuration": 72.86119794845581
    }
}