{
    "answer_query": {
        "TotalPromptTokens": 511,
        "TotalCompletionTokens": 731,
        "TotalCost": 0.0005160000000000001,
        "TotalDuration": 12.416033744812012
    },
    "FinalTotal": {
        "TotalPromptTokens": 511,
        "TotalCompletionTokens": 731,
        "TotalCost": 0.0005160000000000001,
        "TotalDuration": 12.416033744812012
    }
}