{
    "answer_query": {
        "TotalPromptTokens": 1764,
        "TotalCompletionTokens": 3573,
        "TotalCost": 0.062415000000000005,
        "TotalDuration": 40.369901180267334
    },
    "FinalTotal": {
        "TotalPromptTokens": 1764,
        "TotalCompletionTokens": 3573,
        "TotalCost": 0.062415000000000005,
        "TotalDuration": 40.369901180267334
    }
}