{
    "answer_query": {
        "TotalPromptTokens": 990,
        "TotalCompletionTokens": 3571,
        "TotalCost": 0.05851499999999999,
        "TotalDuration": 47.85089468955994
    },
    "FinalTotal": {
        "TotalPromptTokens": 990,
        "TotalCompletionTokens": 3571,
        "TotalCost": 0.05851499999999999,
        "TotalDuration": 47.85089468955994
    }
}