{
    "define_next_step": {
        "TotalPromptTokens": 630145,
        "TotalCompletionTokens": 20240,
        "TotalCost": 3.4543250000000008,
        "TotalDuration": 404.88979625701904
    },
    "merge_reasons_to_insert": {
        "TotalPromptTokens": 35000,
        "TotalCompletionTokens": 3915,
        "TotalCost": 0.23372500000000007,
        "TotalDuration": 77.81319880485535
    },
    "define_tool_calls": {
        "TotalPromptTokens": 129207,
        "TotalCompletionTokens": 4408,
        "TotalCost": 0.7121550000000001,
        "TotalDuration": 84.54048013687134
    },
    "LLMTool._run": {
        "TotalPromptTokens": 2223,
        "TotalCompletionTokens": 11383,
        "TotalCost": 0.18186,
        "TotalDuration": 170.7667806148529
    },
    "llm_query_COMPLETE_TOOL_CALL_COST_NOT_LOGGED": {
        "TotalPromptTokens": 0,
        "TotalCompletionTokens": 0,
        "TotalCost": 0.0,
        "TotalDuration": 170.7976098060608
    },
    "define_cypher_query_given_new_information": {
        "TotalPromptTokens": 108469,
        "TotalCompletionTokens": 9918,
        "TotalCost": 0.6911149999999998,
        "TotalDuration": 155.46247673034668
    },
    "define_need_for_math_before_parsing": {
        "TotalPromptTokens": 27822,
        "TotalCompletionTokens": 414,
        "TotalCost": 0.14532000000000003,
        "TotalDuration": 19.61958146095276
    },
    "parse_solution_with_llm": {
        "TotalPromptTokens": 70596,
        "TotalCompletionTokens": 1377,
        "TotalCost": 0.3736350000000001,
        "TotalDuration": 56.43147563934326
    },
    "define_final_solution": {
        "TotalPromptTokens": 5878,
        "TotalCompletionTokens": 92,
        "TotalCost": 0.030770000000000002,
        "TotalDuration": 4.140224456787109
    },
    "load_documents_COMPLETE_TOOL_CALL_COST_NOT_LOGGED": {
        "TotalPromptTokens": 0,
        "TotalCompletionTokens": 0,
        "TotalCost": 0.0,
        "TotalDuration": 0.03132009506225586
    },
    "WolframAlphaTool._run": {
        "TotalPromptTokens": 2331,
        "TotalCompletionTokens": 1480,
        "TotalCost": 0.233855,
        "TotalDuration": 20.24888300895691
    },
    "fix_json": {
        "TotalPromptTokens": 7962,
        "TotalCompletionTokens": 3369,
        "TotalCost": 0.09034500000000001,
        "TotalDuration": 43.66463279724121
    },
    "FinalTotal": {
        "TotalPromptTokens": 1019633,
        "TotalCompletionTokens": 56596,
        "TotalCost": 6.147105000000011,
        "TotalDuration": 1208.4064598083496
    }
}