{
    "answer_query": {
        "TotalPromptTokens": 19370,
        "TotalCompletionTokens": 936,
        "TotalCost": 0.003467,
        "TotalDuration": 14.727760791778564
    },
    "FinalTotal": {
        "TotalPromptTokens": 19370,
        "TotalCompletionTokens": 936,
        "TotalCost": 0.003467,
        "TotalDuration": 14.727760791778564
    }
}