{
    "answer_query": {
        "TotalPromptTokens": 5889,
        "TotalCompletionTokens": 11428,
        "TotalCost": 0.20086499999999996,
        "TotalDuration": 274.23710894584656
    },
    "FinalTotal": {
        "TotalPromptTokens": 5889,
        "TotalCompletionTokens": 11428,
        "TotalCost": 0.20086499999999996,
        "TotalDuration": 274.23710894584656
    }
}