{
    "answer_query": {
        "TotalPromptTokens": 521,
        "TotalCompletionTokens": 863,
        "TotalCost": 0.015549999999999998,
        "TotalDuration": 11.733115911483765
    },
    "FinalTotal": {
        "TotalPromptTokens": 521,
        "TotalCompletionTokens": 863,
        "TotalCost": 0.015549999999999998,
        "TotalDuration": 11.733115911483765
    }
}