{
    "answer_query": {
        "TotalPromptTokens": 4942,
        "TotalCompletionTokens": 4331,
        "TotalCost": 0.0033410000000000002,
        "TotalDuration": 39.62131333351135
    },
    "FinalTotal": {
        "TotalPromptTokens": 4942,
        "TotalCompletionTokens": 4331,
        "TotalCost": 0.0033410000000000002,
        "TotalDuration": 39.62131333351135
    }
}