{
    "answer_query": {
        "TotalPromptTokens": 511,
        "TotalCompletionTokens": 864,
        "TotalCost": 0.015515000000000001,
        "TotalDuration": 9.55679702758789
    },
    "FinalTotal": {
        "TotalPromptTokens": 511,
        "TotalCompletionTokens": 864,
        "TotalCost": 0.015515000000000001,
        "TotalDuration": 9.55679702758789
    }
}