{
    "answer_query": {
        "TotalPromptTokens": 1430,
        "TotalCompletionTokens": 1355,
        "TotalCost": 0.027475000000000003,
        "TotalDuration": 15.496746063232422
    },
    "FinalTotal": {
        "TotalPromptTokens": 1430,
        "TotalCompletionTokens": 1355,
        "TotalCost": 0.027475000000000003,
        "TotalDuration": 15.496746063232422
    }
}