{
    "answer_query": {
        "TotalPromptTokens": 1430,
        "TotalCompletionTokens": 1380,
        "TotalCost": 0.001043,
        "TotalDuration": 15.056681632995605
    },
    "FinalTotal": {
        "TotalPromptTokens": 1430,
        "TotalCompletionTokens": 1380,
        "TotalCost": 0.001043,
        "TotalDuration": 15.056681632995605
    }
}