{
    "answer_query": {
        "TotalPromptTokens": 4942,
        "TotalCompletionTokens": 6269,
        "TotalCost": 0.11874500000000003,
        "TotalDuration": 75.02455759048462
    },
    "FinalTotal": {
        "TotalPromptTokens": 4942,
        "TotalCompletionTokens": 6269,
        "TotalCost": 0.11874500000000003,
        "TotalDuration": 75.02455759048462
    }
}