{
    "answer_query": {
        "TotalPromptTokens": 521,
        "TotalCompletionTokens": 371,
        "TotalCost": 0.00030199999999999997,
        "TotalDuration": 6.065074920654297
    },
    "FinalTotal": {
        "TotalPromptTokens": 521,
        "TotalCompletionTokens": 371,
        "TotalCost": 0.00030199999999999997,
        "TotalDuration": 6.065074920654297
    }
}