{
    "answer_query": {
        "TotalPromptTokens": 5889,
        "TotalCompletionTokens": 11087,
        "TotalCost": 0.19574999999999998,
        "TotalDuration": 142.84070491790771
    },
    "FinalTotal": {
        "TotalPromptTokens": 5889,
        "TotalCompletionTokens": 11087,
        "TotalCost": 0.19574999999999998,
        "TotalDuration": 142.84070491790771
    }
}