{
    "answer_query": {
        "TotalPromptTokens": 2507,
        "TotalCompletionTokens": 4374,
        "TotalCost": 0.0030029999999999996,
        "TotalDuration": 55.371105670928955
    },
    "FinalTotal": {
        "TotalPromptTokens": 2507,
        "TotalCompletionTokens": 4374,
        "TotalCost": 0.0030029999999999996,
        "TotalDuration": 55.371105670928955
    }
}