{
    "answer_query": {
        "TotalPromptTokens": 19370,
        "TotalCompletionTokens": 935,
        "TotalCost": 0.003466,
        "TotalDuration": 10.632328748703003
    },
    "FinalTotal": {
        "TotalPromptTokens": 19370,
        "TotalCompletionTokens": 935,
        "TotalCost": 0.003466,
        "TotalDuration": 10.632328748703003
    }
}