{
    "answer_query": {
        "TotalPromptTokens": 4942,
        "TotalCompletionTokens": 5519,
        "TotalCost": 0.10749500000000001,
        "TotalDuration": 64.142165184021
    },
    "FinalTotal": {
        "TotalPromptTokens": 4942,
        "TotalCompletionTokens": 5519,
        "TotalCost": 0.10749500000000001,
        "TotalDuration": 64.142165184021
    }
}