{
    "answer_query": {
        "TotalPromptTokens": 990,
        "TotalCompletionTokens": 6616,
        "TotalCost": 0.10418999999999999,
        "TotalDuration": 68.85907912254333
    },
    "FinalTotal": {
        "TotalPromptTokens": 990,
        "TotalCompletionTokens": 6616,
        "TotalCost": 0.10418999999999999,
        "TotalDuration": 68.85907912254333
    }
}