{
    "answer_query": {
        "TotalPromptTokens": 5889,
        "TotalCompletionTokens": 11567,
        "TotalCost": 0.20295000000000002,
        "TotalDuration": 144.5030279159546
    },
    "FinalTotal": {
        "TotalPromptTokens": 5889,
        "TotalCompletionTokens": 11567,
        "TotalCost": 0.20295000000000002,
        "TotalDuration": 144.5030279159546
    }
}