{
    "answer_query": {
        "TotalPromptTokens": 1430,
        "TotalCompletionTokens": 1356,
        "TotalCost": 0.027489999999999997,
        "TotalDuration": 16.499046325683594
    },
    "FinalTotal": {
        "TotalPromptTokens": 1430,
        "TotalCompletionTokens": 1356,
        "TotalCost": 0.027489999999999997,
        "TotalDuration": 16.499046325683594
    }
}