{
    "answer_query": {
        "TotalPromptTokens": 521,
        "TotalCompletionTokens": 376,
        "TotalCost": 0.00030499999999999993,
        "TotalDuration": 6.568212509155273
    },
    "FinalTotal": {
        "TotalPromptTokens": 521,
        "TotalCompletionTokens": 376,
        "TotalCost": 0.00030499999999999993,
        "TotalDuration": 6.568212509155273
    }
}