{
    "answer_query": {
        "TotalPromptTokens": 5889,
        "TotalCompletionTokens": 6377,
        "TotalCost": 0.004701999999999998,
        "TotalDuration": 81.43486762046814
    },
    "FinalTotal": {
        "TotalPromptTokens": 5889,
        "TotalCompletionTokens": 6377,
        "TotalCost": 0.004701999999999998,
        "TotalDuration": 81.43486762046814
    }
}