{
    "answer_query": {
        "TotalPromptTokens": 1764,
        "TotalCompletionTokens": 3467,
        "TotalCost": 0.060825000000000004,
        "TotalDuration": 39.38080906867981
    },
    "FinalTotal": {
        "TotalPromptTokens": 1764,
        "TotalCompletionTokens": 3467,
        "TotalCost": 0.060825000000000004,
        "TotalDuration": 39.38080906867981
    }
}