{
    "answer_query": {
        "TotalPromptTokens": 521,
        "TotalCompletionTokens": 521,
        "TotalCost": 0.010419999999999999,
        "TotalDuration": 8.676123857498169
    },
    "FinalTotal": {
        "TotalPromptTokens": 521,
        "TotalCompletionTokens": 521,
        "TotalCost": 0.010419999999999999,
        "TotalDuration": 8.676123857498169
    }
}