{
    "answer_query": {
        "TotalPromptTokens": 990,
        "TotalCompletionTokens": 19418,
        "TotalCost": 0.011798999999999999,
        "TotalDuration": 160.92085814476013
    },
    "FinalTotal": {
        "TotalPromptTokens": 990,
        "TotalCompletionTokens": 19418,
        "TotalCost": 0.011798999999999999,
        "TotalDuration": 160.92085814476013
    }
}