{
    "answer_query": {
        "TotalPromptTokens": 292,
        "TotalCompletionTokens": 273,
        "TotalCost": 0.00020700000000000002,
        "TotalDuration": 3.7230236530303955
    },
    "FinalTotal": {
        "TotalPromptTokens": 292,
        "TotalCompletionTokens": 273,
        "TotalCost": 0.00020700000000000002,
        "TotalDuration": 3.7230236530303955
    }
}