{
    "answer_query": {
        "TotalPromptTokens": 19370,
        "TotalCompletionTokens": 16804,
        "TotalCost": 0.012988,
        "TotalDuration": 205.09009456634521
    },
    "FinalTotal": {
        "TotalPromptTokens": 19370,
        "TotalCompletionTokens": 16804,
        "TotalCost": 0.012988,
        "TotalDuration": 205.09009456634521
    }
}