{
    "answer_query": {
        "TotalPromptTokens": 2507,
        "TotalCompletionTokens": 4783,
        "TotalCost": 0.0032450000000000005,
        "TotalDuration": 48.4287543296814
    },
    "FinalTotal": {
        "TotalPromptTokens": 2507,
        "TotalCompletionTokens": 4783,
        "TotalCost": 0.0032450000000000005,
        "TotalDuration": 48.4287543296814
    }
}