{
    "answer_query": {
        "TotalPromptTokens": 1430,
        "TotalCompletionTokens": 1363,
        "TotalCost": 0.027595000000000005,
        "TotalDuration": 15.265467882156372
    },
    "FinalTotal": {
        "TotalPromptTokens": 1430,
        "TotalCompletionTokens": 1363,
        "TotalCost": 0.027595000000000005,
        "TotalDuration": 15.265467882156372
    }
}