{
    "answer_query": {
        "TotalPromptTokens": 4942,
        "TotalCompletionTokens": 4390,
        "TotalCost": 0.003376,
        "TotalDuration": 38.432825326919556
    },
    "FinalTotal": {
        "TotalPromptTokens": 4942,
        "TotalCompletionTokens": 4390,
        "TotalCost": 0.003376,
        "TotalDuration": 38.432825326919556
    }
}