{
    "answer_query": {
        "TotalPromptTokens": 19370,
        "TotalCompletionTokens": 938,
        "TotalCost": 0.003469,
        "TotalDuration": 11.360113382339478
    },
    "FinalTotal": {
        "TotalPromptTokens": 19370,
        "TotalCompletionTokens": 938,
        "TotalCost": 0.003469,
        "TotalDuration": 11.360113382339478
    }
}