{
    "answer_query": {
        "TotalPromptTokens": 292,
        "TotalCompletionTokens": 292,
        "TotalCost": 0.00021899999999999998,
        "TotalDuration": 4.71256422996521
    },
    "FinalTotal": {
        "TotalPromptTokens": 292,
        "TotalCompletionTokens": 292,
        "TotalCost": 0.00021899999999999998,
        "TotalDuration": 4.71256422996521
    }
}