{
    "answer_query": {
        "TotalPromptTokens": 1430,
        "TotalCompletionTokens": 1363,
        "TotalCost": 0.0010329999999999998,
        "TotalDuration": 12.370662450790405
    },
    "FinalTotal": {
        "TotalPromptTokens": 1430,
        "TotalCompletionTokens": 1363,
        "TotalCost": 0.0010329999999999998,
        "TotalDuration": 12.370662450790405
    }
}