{
    "answer_query": {
        "TotalPromptTokens": 1764,
        "TotalCompletionTokens": 3620,
        "TotalCost": 0.06312000000000001,
        "TotalDuration": 37.8941388130188
    },
    "FinalTotal": {
        "TotalPromptTokens": 1764,
        "TotalCompletionTokens": 3620,
        "TotalCost": 0.06312000000000001,
        "TotalDuration": 37.8941388130188
    }
}