{
    "answer_query": {
        "TotalPromptTokens": 990,
        "TotalCompletionTokens": 19713,
        "TotalCost": 0.011973999999999999,
        "TotalDuration": 196.3420307636261
    },
    "FinalTotal": {
        "TotalPromptTokens": 990,
        "TotalCompletionTokens": 19713,
        "TotalCost": 0.011973999999999999,
        "TotalDuration": 196.3420307636261
    }
}