{
    "answer_query": {
        "TotalPromptTokens": 4942,
        "TotalCompletionTokens": 6120,
        "TotalCost": 0.11650999999999999,
        "TotalDuration": 69.3218047618866
    },
    "FinalTotal": {
        "TotalPromptTokens": 4942,
        "TotalCompletionTokens": 6120,
        "TotalCost": 0.11650999999999999,
        "TotalDuration": 69.3218047618866
    }
}