{
    "answer_query": {
        "TotalPromptTokens": 292,
        "TotalCompletionTokens": 854,
        "TotalCost": 0.014270000000000001,
        "TotalDuration": 11.277193784713745
    },
    "FinalTotal": {
        "TotalPromptTokens": 292,
        "TotalCompletionTokens": 854,
        "TotalCost": 0.014270000000000001,
        "TotalDuration": 11.277193784713745
    }
}