{
    "answer_query": {
        "TotalPromptTokens": 990,
        "TotalCompletionTokens": 18999,
        "TotalCost": 0.011545999999999997,
        "TotalDuration": 174.8145227432251
    },
    "FinalTotal": {
        "TotalPromptTokens": 990,
        "TotalCompletionTokens": 18999,
        "TotalCost": 0.011545999999999997,
        "TotalDuration": 174.8145227432251
    }
}