{
    "answer_query": {
        "TotalPromptTokens": 2507,
        "TotalCompletionTokens": 5898,
        "TotalCost": 0.10100500000000001,
        "TotalDuration": 86.44925236701965
    },
    "FinalTotal": {
        "TotalPromptTokens": 2507,
        "TotalCompletionTokens": 5898,
        "TotalCost": 0.10100500000000001,
        "TotalDuration": 86.44925236701965
    }
}