{
    "answer_query": {
        "TotalPromptTokens": 521,
        "TotalCompletionTokens": 823,
        "TotalCost": 0.014950000000000001,
        "TotalDuration": 12.070762872695923
    },
    "FinalTotal": {
        "TotalPromptTokens": 521,
        "TotalCompletionTokens": 823,
        "TotalCost": 0.014950000000000001,
        "TotalDuration": 12.070762872695923
    }
}