{
    "answer_query": {
        "TotalPromptTokens": 990,
        "TotalCompletionTokens": 2892,
        "TotalCost": 0.0018829999999999997,
        "TotalDuration": 25.995872497558594
    },
    "FinalTotal": {
        "TotalPromptTokens": 990,
        "TotalCompletionTokens": 2892,
        "TotalCost": 0.0018829999999999997,
        "TotalDuration": 25.995872497558594
    }
}