{
    "answer_query": {
        "TotalPromptTokens": 5889,
        "TotalCompletionTokens": 6067,
        "TotalCost": 0.004517000000000002,
        "TotalDuration": 74.23250842094421
    },
    "FinalTotal": {
        "TotalPromptTokens": 5889,
        "TotalCompletionTokens": 6067,
        "TotalCost": 0.004517000000000002,
        "TotalDuration": 74.23250842094421
    }
}