{
    "answer_query": {
        "TotalPromptTokens": 1764,
        "TotalCompletionTokens": 18646,
        "TotalCost": 0.011453,
        "TotalDuration": 117.66977667808533
    },
    "FinalTotal": {
        "TotalPromptTokens": 1764,
        "TotalCompletionTokens": 18646,
        "TotalCost": 0.011453,
        "TotalDuration": 117.66977667808533
    }
}