{
    "answer_query": {
        "TotalPromptTokens": 5889,
        "TotalCompletionTokens": 6475,
        "TotalCost": 0.004763999999999999,
        "TotalDuration": 80.87153816223145
    },
    "FinalTotal": {
        "TotalPromptTokens": 5889,
        "TotalCompletionTokens": 6475,
        "TotalCost": 0.004763999999999999,
        "TotalDuration": 80.87153816223145
    }
}