{
    "answer_query": {
        "TotalPromptTokens": 5889,
        "TotalCompletionTokens": 6176,
        "TotalCost": 0.004586999999999999,
        "TotalDuration": 75.55398082733154
    },
    "FinalTotal": {
        "TotalPromptTokens": 5889,
        "TotalCompletionTokens": 6176,
        "TotalCost": 0.004586999999999999,
        "TotalDuration": 75.55398082733154
    }
}