{
    "answer_query": {
        "TotalPromptTokens": 5889,
        "TotalCompletionTokens": 11722,
        "TotalCost": 0.20527499999999996,
        "TotalDuration": 143.95535802841187
    },
    "FinalTotal": {
        "TotalPromptTokens": 5889,
        "TotalCompletionTokens": 11722,
        "TotalCost": 0.20527499999999996,
        "TotalDuration": 143.95535802841187
    }
}