{
    "answer_query": {
        "TotalPromptTokens": 5889,
        "TotalCompletionTokens": 6154,
        "TotalCost": 0.004569000000000001,
        "TotalDuration": 93.21037030220032
    },
    "FinalTotal": {
        "TotalPromptTokens": 5889,
        "TotalCompletionTokens": 6154,
        "TotalCost": 0.004569000000000001,
        "TotalDuration": 93.21037030220032
    }
}