{
    "answer_query": {
        "TotalPromptTokens": 292,
        "TotalCompletionTokens": 261,
        "TotalCost": 0.00019999999999999998,
        "TotalDuration": 5.426554918289185
    },
    "FinalTotal": {
        "TotalPromptTokens": 292,
        "TotalCompletionTokens": 261,
        "TotalCost": 0.00019999999999999998,
        "TotalDuration": 5.426554918289185
    }
}